NAME,LASTNAME,EMAIL
Hipopotam,Placowka,placowka-01hipopotam@icloud.com
Sedziowie,Reduta,reduta.sedziowie_0q@icloud.com
Metrazf,Zajadly,zajadly.metraz0f@icloud.com
Prac,Mila,prac.mila.0r@icloud.com
Zjadacz,Ukryty,zjadacz_ukryty_07@icloud.com
Nasladowca,Wciecie,nasladowca_wciecie.0n@icloud.com
Dzinsy,Cent,dzinsy_cent_07@icloud.com
Trawers,Kiwanie,trawers-kiwanie.0k@icloud.com
Negocjowac,Szorstkie,szorstkie.negocjowac.0x@icloud.com
Brama,Maska,brama.maska_09@icloud.com
Pudeleczko,Trok,trok.pudeleczko-0r@icloud.com
Krolewny,Sacharoza,04krolewny.sacharoza@icloud.com
Doradzacl,Agat,agat_doradzac0l@icloud.com
Skarp,Cokol,skarp.cokol-0r@icloud.com
Harmonijka,Klasowo,klasowo-harmonijka.0a@icloud.com
Trzon,Smiech,00trzon_smiech@icloud.com
Zagiecie,Szeptem,05_zagiecie_szeptem@icloud.com
Frytkim,Zlapac,zlapac_frytki0m@icloud.com
Bezbolesny,Zwykly,zwykly_bezbolesny_0c@icloud.com
Chwyt,Wino,08_chwyt_wino@icloud.com
Doleczki,Toczki,doleczki_toczki_0o@icloud.com
Zabawkib,Garbarze,garbarze.zabawki0b@icloud.com
Trybikid,Golenie,golenie_trybiki0d@icloud.com
Kulminacja,Usuwai,kulminacja.usuwa0i@icloud.com
Rozrywa,Krzakn,rozrywa-krzak0n@icloud.com
Zerkac,Mleko,zerkac.mleko_0e@icloud.com
Ekonomista,Fauna,ekonomista.fauna.0q@icloud.com
Szyfry,Zdolny,zdolny-00szyfry@icloud.com
Poswiatowy,Arkusz,poswiatowy_arkusz.0v@icloud.com
Komorowo,Godz,komorowo-godz.0e@icloud.com
Zastepstwoc,Odglosy,odglosy-zastepstwo0c@icloud.com
Petycjap,Spodek,spodek_petycja0p@icloud.com
Lodospad,Rapier,lodospad.rapier-04@icloud.com
Operacja,Alokowac,operacja.alokowac_0m@icloud.com
Szerokosci,Porzeczka,szerokosci.porzeczka_0m@icloud.com
Anatomias,Chmury,chmury.anatomia0s@icloud.com
Bajgle,Rod,bajgle-rod.0d@icloud.com
Wymyslny,Szpiedzy,01wymyslny.szpiedzy@icloud.com
Sutanna,Chia,chia_sutanna0@icloud.com
Dosiadanie,Kowboj,kowboj-dosiadanie.0g@icloud.com
Gondola,Skryba,gondola.skryba_0j@icloud.com
Wysepka,Mirra,mirra.wysepka-0z@icloud.com
Szczupak,Turnia,01-turnia-szczupak@icloud.com
Klamerki,Wyrko,klamerki-03.wyrko@icloud.com
Brodkowy,Kotwica,kotwica.brodkowy-0a@icloud.com
Zlaczenie,Aportowac,zlaczenie-aportowac-0t@icloud.com
Frotte,Podly,podly_frotte.0x@icloud.com
Czuciowosc,Markiz,markiz-czuciowosc-0t@icloud.com
Padlina,Zoltka,padlina-zoltka.0l@icloud.com
Zmarszczki,Lokatorzy,lokatorzy.zmarszczki.0t@icloud.com
Dekarze,Toffi,dekarze_toffi.0d@icloud.com
Porownania,Sofa,sofa-porownania-0o@icloud.com
Aportowac,Pracownik,pracownik.08aportowac@icloud.com
Zaszczepic,Szaflikh,zaszczepic.szaflik0h@icloud.com
Narciarz,Klient,klient_narciarz_02@icloud.com
Roznorodny,Zweglac,08_roznorodny.zweglac@icloud.com
Afelia,Lisica,afelia-lisica.0y@icloud.com
Szympans,Ustawic,ustawic-07szympans@icloud.com
Kawiarnie,Miasta,kawiarnie_miasta_0l@icloud.com
Nabywanie,Zel,nabywanie_zel.0c@icloud.com
Mistral,Wiaze,wiaze.mistral.0u@icloud.com
Krzaki,Kanapa,krzaki00.kanapa@icloud.com
Przyznanieu,Edytor,edytor.przyznanie0u@icloud.com
Bialkowy,Wabiki,wabiki_bialkowy.0v@icloud.com
Portaleb,Narod,narod.portale0b@icloud.com
Czlonkowie,Sidlo,03.sidlo_czlonkowie@icloud.com
Dzinsowy,Piko,dzinsowy.pik0o@icloud.com
Czerwienny,Brokat,czerwienny_brokat.0p@icloud.com
Dudziarz,Biurka,dudziarz-09-biurka@icloud.com
Fora,Diwa,fora.diwa_0v@icloud.com
Najhardszy,Dzialka,dzialka_najhardszy_0b@icloud.com
Puszkif,Szeregi,szeregi-puszki0f@icloud.com
Uciekl,Szarada,szarada-09uciekl@icloud.com
Iskrzenie,Wrony,wrony.iskrzenie_0s@icloud.com
Opukanie,Umyslys,opukanie-umysly0s@icloud.com
Podrecznik,Zsypy,podrecznik-zsypy.0c@icloud.com
Alpejski,Piro,piro_alpejski.0f@icloud.com
Spiety,Bety,bety_spiety.0w@icloud.com
Kucharzycc,Barchany,barchany.kucharzyc0c@icloud.com
Niezerowe,Amfolity,amfolity-niezerowe-0h@icloud.com
Przepiorka,Struzka,struzka_przepiorka_0r@icloud.com
Obieraczki,Przyklad,przyklad.obieraczki-0q@icloud.com
Czcionka,Bywalcy,07_bywalcy_czcionka@icloud.com
Kapield,Rumak,rumak.kapiel0d@icloud.com
Aegilops,Dla,aegilops.07dla@icloud.com
Kaplica,Malarz,kaplica-malarz.01@icloud.com
Przyczepny,Rogacizna,przyczepny.rogacizna-0m@icloud.com
Kwasowo,Topole,kwasowo_topole.0u@icloud.com
Krazownik,Aktorka,aktorka.krazownik.0y@icloud.com
Makarony,Tostowy,makarony-tostowy-0l@icloud.com
Ponetniev,Najwiecej,najwiecej_ponetnie0v@icloud.com
Storczyki,Studio,storczyki.studio.0e@icloud.com
Wstrzas,Wij,wstrzas_wij_0p@icloud.com
Anglofon,Klen,klen-anglofon-0h@icloud.com
Podniesc,Wiejski,wiejski.podniesc07@icloud.com
Obciazony,Rancza,obciazony.rancza-0q@icloud.com
Relaks,Cma,cma-relaks.0n@icloud.com
Kregle,Wola,wola.kregle_0p@icloud.com
Oslabionym,Kotlarski,kotlarski-oslabiony0m@icloud.com
Swiderki,Mit,mit-swiderki.0f@icloud.com
Inercja,Paleo,paleo_inercja.0y@icloud.com
Wietrznie,Psalm,psalm_wietrznie.0d@icloud.com
Poganiacz,Srebrov,poganiacz_srebro0v@icloud.com
Wypacza,Ryc,wypacza.ryc-0z@icloud.com
Proteza,Slewyq,proteza-slewy0q@icloud.com
Wybrukowac,Grajkowie,grajkowie-wybrukowac.0i@icloud.com
Silniki,Okowy,okowy-0.silniki@icloud.com
Warcabya,Spodenki,spodenki-warcaby0a@icloud.com
Inhalator,Szynkarka,inhalator-szynkarka.0g@icloud.com
Wystawiac,Mikado,wystawiac.mikado-0x@icloud.com
Oszukiwac,Zaplecze,zaplecze_oszukiwac.0s@icloud.com
Lepszy,Lekcje,lepszy.lekcje-0x@icloud.com
Anglistyka,Niepewnyv,anglistyka-niepewny0v@icloud.com
Zwijarka,Podlotek,zwijarka.podlotek.07@icloud.com
Zabrzeczec,Sposrod,sposrod-zabrzeczec-0h@icloud.com
Polmrok,Feta,polmrok.feta06@icloud.com
Tunczyk,Klamra,klamra.tunczyk06@icloud.com
Szkielet,Tuba,01-tuba.szkielet@icloud.com
Jaskrawy,Liny,jaskrawy-liny-0q@icloud.com
Gencjana,Zoladz,gencjana_zoladz_0p@icloud.com
Chemia,Waz,waz-06.chemia@icloud.com
Eolski,Zapach,06.eolski_zapach@icloud.com
Wojennyp,Induktor,induktor-wojenny0p@icloud.com
Dlugosci,Bagna,dlugosci-bagna-06@icloud.com
Szufladka,Podjazd,podjazd.szufladka-0b@icloud.com
Swoboda,Osme,swoboda.osme-0e@icloud.com
Polityczny,Hipsterf,polityczny.hipster0f@icloud.com
Aktynowys,Aksony,aksony-aktynowy0s@icloud.com
Drukarka,Misja,drukarka.misja.0k@icloud.com
Przybierac,Zaparzacz,przybierac.zaparzacz-0f@icloud.com
Opozniacz,Podzielic,opozniacz-podzielic-0s@icloud.com
Falisty,Pumy,05.falisty_pumy@icloud.com
Odlotowy,Sokiemz,odlotowy.sokiem0z@icloud.com
Zapasowe,Opar,opar-zapasowe.0b@icloud.com
Limuzyny,Alka,limuzyny.alka.03@icloud.com
Czulosc,Niecka,04czulosc-niecka@icloud.com
Naddatek,Kity,06-kity.naddatek@icloud.com
Chropowaty,Erka,erka.chropowaty.0x@icloud.com
Dziekani,Bajt,dziekani.bajt.0h@icloud.com
Samiutki,Kawa,kawa_samiutki.0w@icloud.com
Marmolada,Przedtem,marmolada.przedtem.0p@icloud.com
Sercem,Magmy,magmy.sercem.0n@icloud.com
Ratowanie,Taliowany,ratowanie.taliowany.0j@icloud.com
Garbniki,Poddany,garbniki.poddany.0c@icloud.com
Akademik,Tablica,akademik_tablica.0c@icloud.com
Gniazda,Lesisty,07-gniazda.lesisty@icloud.com
Druzyna,Wrog,druzyna.wrog08@icloud.com
Przestroga,Oslepiac,przestroga_oslepiac.0k@icloud.com
Pluszowy,Biegi,pluszowy-biegi.0t@icloud.com
Sposrod,Zadania,sposrod-03.zadania@icloud.com
Zaostrzyce,Splawiac,splawiac.zaostrzyc0e@icloud.com
Warkotf,Zatoka,zatoka_warkot0f@icloud.com
Przebrania,Karma,przebrania05.karma@icloud.com
Aerometr,Zawziety,aerometr.zawziety.0b@icloud.com
Adiutantkao,Trema,trema.adiutantka0o@icloud.com
Wyzywajacy,Wowm,wyzywajacy-wow0m@icloud.com
Kwaterowac,Zawodzenie,kwaterowac.zawodzenie.00@icloud.com
Bocznica,Laki,bocznica-laki-0y@icloud.com
Archiwum,Wolniej,wolniej.archiwum_0a@icloud.com
Koncertowy,Liniowy,liniowy.koncertowy-0i@icloud.com
Zeglarstwo,Szeryf,zeglarstwo.0szeryf@icloud.com
Aktywny,Bufor,aktywny_bufor.0m@icloud.com
Wybuch,Bloker,bloker-wybuch0@icloud.com
Niedzwiedz,Erdoks,erdoks.niedzwiedz-0b@icloud.com
Adamoweckig,Malutki,malutki_adamowecki0g@icloud.com
Empiria,Psalmy,empiria-psalmy.02@icloud.com
Brzytwy,Smaczny,09brzytwy-smaczny@icloud.com
Czynh,Owiec,owiec_czyn0h@icloud.com
Starosc,Rubel,starosc-rubel-0j@icloud.com
Mrowienie,Baniany,baniany_mrowienie.0w@icloud.com
Ameloblast,Podwalina,ameloblast-podwalina.0b@icloud.com
Postronnyq,Jawny,jawny.postronny0q@icloud.com
Nosicielka,Skoki,nosicielka_skoki.0e@icloud.com
Militaryzm,Kadzie,militaryzm-kadzie-08@icloud.com
Podglad,Skarbce,podglad.skarbce_0v@icloud.com
Dotknieciec,Olbrzymy,olbrzymy_dotkniecie0c@icloud.com
Targujesz,Obudowy,obudowy.targujesz_0j@icloud.com
Zygzak,Kuznia,zygzak_kuznia.0d@icloud.com
Kasztanowy,Pulsar,kasztanowy01.pulsar@icloud.com
Kolczan,Obracac,kolczan.obracac.0v@icloud.com
Oparzenia,Pojazd,pojazd.oparzenia-0o@icloud.com
Tiptop,Zuzel,tiptop_zuzel_0o@icloud.com
Skusic,Hals,hals_05skusic@icloud.com
Bojazliwy,Poscielq,bojazliwy-posciel0q@icloud.com
Pochlaniac,Album,album.04.pochlaniac@icloud.com
Surfingowy,Angiolog,angiolog.surfingowy.0x@icloud.com
Melodyjny,Premier,melodyjny.premier_0y@icloud.com
Zablakany,Sudoku,sudoku_zablakany.0g@icloud.com
Heroldowiej,Anodowy,anodowy-heroldowie0j@icloud.com
Przysiady,Minimap,przysiady.minima0p@icloud.com
Dzwonkij,Plesn,plesn.dzwonki0j@icloud.com
Naszb,Zamek,zamek_nasz0b@icloud.com
Garnitury,Zasadzka,zasadzka-garnitury.0f@icloud.com
Chrupac,Panele,chrupac.panele_0e@icloud.com
Rozszczepy,Wznosic,rozszczepy.wznosic-0c@icloud.com
Ukaz,Arki,ukaz_06_arki@icloud.com
Stronie,Uniki,uniki-stronie-0m@icloud.com
Antyodruch,Grupa,grupa_antyodruch07@icloud.com
Leczyr,Legato,legato-leczy0r@icloud.com
Buzdygany,Zerkanie,buzdygany_zerkanie.0b@icloud.com
Topowyl,Barszcz,barszcz-topowy0l@icloud.com
Luskowaty,Zgrzytanie,luskowaty08.zgrzytanie@icloud.com
Dozwolicl,Glowica,glowica_dozwolic0l@icloud.com
Grupujacy,Handlowy,grupujacy.handlowy_0c@icloud.com
Blendar,Gejzer,gejzer_blenda0r@icloud.com
Toccata,Burda,burda.toccata_0i@icloud.com
Kielichy,Pliki,kielichy.pliki-0q@icloud.com
Przypiekac,Dipole,dipole.08przypiekac@icloud.com
Stodoly,Stodola,stodoly.stodola.0u@icloud.com
Hodowcy,Ramki,hodowcy.ramki-0r@icloud.com
Intensywny,Wglebienia,intensywny-wglebienia-0s@icloud.com
Emeryt,Puby,puby_emeryt.0d@icloud.com
Kieszen,Owiecf,kieszen_owiec0f@icloud.com
Zewnatrz,Reggae,reggae.zewnatrz.0h@icloud.com
Nachylenie,Pojedynek,nachylenie.pojedynek_0m@icloud.com
Odczynnikg,Odliczenia,odliczenia_odczynnik0g@icloud.com
Szerszen,Pizma,pizma_szerszen_0u@icloud.com
Radia,Paser,radia_paser_05@icloud.com
Akceleryna,Korkownice,korkownice_akceleryna09@icloud.com
Stratyr,Nielad,nielad-straty0r@icloud.com
Zagrody,Syropy,zagrody.syropy.0v@icloud.com
Psalmyc,Brazy,brazy.psalmy0c@icloud.com
Rowniarki,Fartuchy,fartuchy.rowniarki_0j@icloud.com
Klatka,Iscie,iscie.klatka.0q@icloud.com
Stopnie,Rolka,stopnie_rolka.01@icloud.com
Niezwykly,Laptop,niezwykly-laptop.0z@icloud.com
Zlobie,Objaw,zlobie-objaw.0z@icloud.com
Bogactwa,Trzepanie,03bogactwa_trzepanie@icloud.com
Szpachelka,Wloki,wloki_szpachelka_0g@icloud.com
Tiptope,Bosy,bosy_tiptop0e@icloud.com
Boja,Alun,boja-alun-01@icloud.com
Sekta,Lozina,06sekta-lozina@icloud.com
Pierwotny,Zasieg,pierwotny.zasieg_0f@icloud.com
Jastrychy,Adept,adept01.jastrychy@icloud.com
Rozowec,Pity,pity.rozowe0c@icloud.com
Komary,Gwary,komary.gwary-0l@icloud.com
Solicg,Papugi,papugi_solic0g@icloud.com
Piszczalkaa,Kaduceusz,kaduceusz.piszczalka0a@icloud.com
Garnitura,Czynic,czynic_garnitur0a@icloud.com
Siatkowka,Podstrona,siatkowka_podstrona_0i@icloud.com
Podparcie,Kondor,podparcie-kondor-0q@icloud.com
Lotnicyi,Podarte,podarte_lotnicy0i@icloud.com
Wlazi,Idiom,idiom.wlaz0i@icloud.com
Amylazowy,Czynowy,amylazowy.czynowy-0o@icloud.com
Oddawac,Tonaz,oddawac.tonaz_0a@icloud.com
Franki,Rok,rok_franki.0u@icloud.com
Szczyty,Wirniki,szczyty.wirniki.0s@icloud.com
Wibrowac,Krzywki,05.krzywki_wibrowac@icloud.com
Kieszenie,Amalgamat,kieszenie-amalgamat.0e@icloud.com
Uroczystyp,Chlup,chlup.uroczysty0p@icloud.com
Geganieu,Dwunasty,dwunasty_geganie0u@icloud.com
Jasnowidz,Salut,salut.jasnowidz-0k@icloud.com
Pigulki,Przerost,02pigulki.przerost@icloud.com
Krypta,Forsa,krypta-forsa-0j@icloud.com
Lotnisko,Plaki,lotnisko-plaki-0b@icloud.com
Millenium,Holownik,holownik_millenium.0@icloud.com
Heroldowie,Alinowski,alinowski.heroldowie-0w@icloud.com
Anormalnie,Objaw,objaw_anormalnie_0n@icloud.com
Sprzeczny,Waz,waz.sprzeczny-0q@icloud.com
Zatrzymaj,Cyrk,cyrk-zatrzymaj.0i@icloud.com
Ostrzegac,Smar,smar-ostrzegac-0q@icloud.com
Blizniak,Truizm,blizniak_truizm.0m@icloud.com
Gnomy,Kawy,kawy.gnomy-0h@icloud.com
Paskudny,Miotacze,paskudny.miotacze.0v@icloud.com
Jaguary,Puch,jaguary-puch-03@icloud.com
Edytor,Metody,edytor_metody_0c@icloud.com
Biografia,Raperzy,biografia-raperzy05@icloud.com
Powazny,Tytan,powazny_03_tytan@icloud.com
Przykleic,Bobo,przykleic_bobo08@icloud.com
Ziomek,Termos,ziomek-termos.0g@icloud.com
Wydajacy,Potrwac,wydajacy.potrwac-0t@icloud.com
Klikniecia,Agent,agent_klikniecia_0n@icloud.com
Hodowla,Wiek,09wiek.hodowla@icloud.com
Zdatny,Brzytwa,brzytwa.02zdatny@icloud.com
Warkoczyk,Zaciski,zaciski-warkoczyk-0o@icloud.com
Chwyt,Sagan,chwyt.sagan-03@icloud.com
Szmergiel,Wyzazony,wyzazony-szmergiel.0d@icloud.com
Kamizelkio,Szpadel,szpadel-kamizelki0o@icloud.com
Workowate,Rolnica,workowate_02rolnica@icloud.com
Szczerbaty,Pustynie,szczerbaty_pustynie.0p@icloud.com
Najgestszy,Listwa,listwa.najgestszy_0d@icloud.com
Audyty,Lowic,lowic_audyty.0z@icloud.com
Agawowya,Stop,stop-agawowy0a@icloud.com
Banalny,Korpus,banalny_korpus.0v@icloud.com
Skrecenies,Siwy,siwy-skrecenie0s@icloud.com
Skarpeta,Brzytwa,brzytwa.skarpeta-0s@icloud.com
Rekwizyt,Szopy,szopy-rekwizyt.0y@icloud.com
Nieugiecie,Wycieczki,wycieczki-nieugiecie.0q@icloud.com
Zalacznikiu,Risotto,risotto_zalaczniki0u@icloud.com
Anabolik,Zawroty,zawroty_anabolik03@icloud.com
Sciemniacz,Nastaw,sciemniacz.nastaw01@icloud.com
Zrodzony,Alejkowy,zrodzony.alejkowy.0y@icloud.com
Lezankaw,Jesien,jesien_lezanka0w@icloud.com
Sympatycy,Palacyq,sympatycy.palacy0q@icloud.com
Sprobowacx,Cyraneczka,cyraneczka.sprobowac0x@icloud.com
Bezpieczny,Cynowyz,bezpieczny-cynowy0z@icloud.com
Przystac,Mowi,przystac.mowi-0j@icloud.com
Aborygenka,Sruba,aborygenka.sruba-0l@icloud.com
Policzkowy,Jogginge,policzkowy_jogging0e@icloud.com
Spadkowicz,Magnackie,spadkowicz_01_magnackie@icloud.com
Odparowac,Kanalyn,odparowac.kanaly0n@icloud.com
Stromy,Most,most-stromy-0n@icloud.com
Moro,Sago,moro.sago-0a@icloud.com
Zglebniks,Ciosaki,ciosaki-zglebnik0s@icloud.com
Rezerwowy,Mikser,rezerwowy_mikser04@icloud.com
Frytki,Stroje,frytki.stroje_07@icloud.com
Krucjata,Sruty,sruty_krucjata_0p@icloud.com
Pomagier,Gazowe,pomagier.gazowe.0s@icloud.com
Sciagniety,Swinki,04_swinki_sciagniety@icloud.com
Slabniecie,Obywatel,slabniecie-05-obywatel@icloud.com
Przyrostekk,Bebenek,bebenek-przyrostek0k@icloud.com
Pacniecief,Powitanie,powitanie.pacniecie0f@icloud.com
Metyl,Drob,metyl_drob_0n@icloud.com
Izobara,Dyktal,izobara.dykta0l@icloud.com
Niepewny,Inercja,inercja_niepewny_0w@icloud.com
Rolmopsy,Piwny,rolmopsy-piwny-0w@icloud.com
Rdzeniew,Karaty,karaty.rdzenie0w@icloud.com
Pozdrawiam,Dotkniecie,dotkniecie_03pozdrawiam@icloud.com
Obwodka,Szkoda,02_szkoda.obwodka@icloud.com
Wirusowy,Pergola,03.pergola.wirusowy@icloud.com
Kolezenski,Plynacg,kolezenski_plynac0g@icloud.com
Kosmici,Kopac,kopac.kosmici_0q@icloud.com
Loteryjka,Testerzy,testerzy_loteryjka_0k@icloud.com
Brzdakanie,Osiagalny,osiagalny.brzdakanie-0h@icloud.com
Wyjscie,Skorka,skorka.wyjscie.0g@icloud.com
Tlumaczyc,Pajeczyna,tlumaczyc.pajeczyna-0e@icloud.com
Plotka,Kok,kok-03.plotka@icloud.com
Kasztanowy,Sledzie,kasztanowy-sledzie-0b@icloud.com
Przecisk,Surowy,surowy.06.przecisk@icloud.com
Palacy,Bog,palacy.bog.07@icloud.com
Strajk,Forte,forte.strajk-0t@icloud.com
Senny,Alejki,senny01_alejki@icloud.com
Stracony,Pinupy,stracony-pinupy-06@icloud.com
Zalagodzic,Olowek,zalagodzic.olowek_0c@icloud.com
Skrzeczacy,Wynajmowac,skrzeczacy-wynajmowac-0k@icloud.com
Pisk,Masc,pisk_masc.0y@icloud.com
Blyszczec,Grzeje,blyszczec_grzeje.0b@icloud.com
Kompleks,Fizyka,fizyka.kompleks.0n@icloud.com
Pacyfka,Agoraz,pacyfka.agora0z@icloud.com
Malagac,Mako,mako.malaga0c@icloud.com
Manewr,Ratuje,manewr.ratuje.0v@icloud.com
Skladacz,Pozary,skladacz-pozary.0q@icloud.com
Frontalnys,Uczciwosc,uczciwosc.frontalny0s@icloud.com
Szronf,Kamera,kamera_szron0f@icloud.com
Kochani,Tiki,tiki_kochani08@icloud.com
Narzekania,Zolw,narzekania-05.zolw@icloud.com
Zastepca,Rozdymka,zastepca.rozdymka-08@icloud.com
Nieslubny,Labirynt,labirynt-01.nieslubny@icloud.com
Stalowka,Bekon,bekon-05stalowka@icloud.com
Kolnierze,Zapowiedz,zapowiedz_kolnierze07@icloud.com
Rosiczka,Ges,rosiczka-ges-0e@icloud.com
Ladowiskoa,Gesto,gesto.ladowisko0a@icloud.com
Ambystomy,Kukielka,kukielka_ambystomy.0k@icloud.com
Remiksowacj,Gwar,gwar.remiksowac0j@icloud.com
Sterownikg,Opery,opery.sterownik0g@icloud.com
Siodlo,Lyk,lyk.siodlo.0t@icloud.com
Argument,Strus,01.argument.strus@icloud.com
Sekatoryn,Gliniarze,gliniarze_sekatory0n@icloud.com
Balwanek,Badawczy,balwanek.badawczy_0x@icloud.com
Purytanin,Reiki,purytanin_0_reiki@icloud.com
Marlinyrzeszoto,None,marliny01rzeszoto@icloud.com
Agresorka,Bekon,bekon_agresorka_0h@icloud.com
Jaszczurka,Manga,manga-jaszczurka-0x@icloud.com
Gryzmolic,Galareta,gryzmolic_galareta.0v@icloud.com
Dudni,Kudu,kudu.dudni.07@icloud.com
Centralny,Swiderki,swiderki.centralny_07@icloud.com
Wnikliwoscq,Diety,diety_wnikliwosc0q@icloud.com
Odchodzacyw,Trywialny,trywialny.odchodzacy0w@icloud.com
Nastawnik,Megabit,megabit.nastawnik-0h@icloud.com
Andwari,Wolta,wolta-andwari-0n@icloud.com
Okupy,Znak,znak.okupy.0e@icloud.com
Urzadzenie,Nacho,nacho-urzadzenie.0a@icloud.com
Chinki,Ind,ind.chinki_0t@icloud.com
Magnackie,Gitara,magnackie.gitara_0p@icloud.com
Czopiarki,Wzrost,czopiarki-wzrost.0u@icloud.com
Wisiorc,Trojka,trojka-wisior0c@icloud.com
Minikamera,Zjedzony,minikamera.zjedzony_0h@icloud.com
Dredy,Typy,09_dredy_typy@icloud.com
Lamentg,Wombaty,wombaty_lament0g@icloud.com
Wersetu,Kapital,kapital.werset0u@icloud.com
Rozbrykany,Odziez,rozbrykany.odziez_01@icloud.com
Doleczki,Patroni,0.patroni-doleczki@icloud.com
Korkownice,Graniczyc,graniczyc_korkownice_0e@icloud.com
Narzedzia,Debel,debel-narzedzia-0w@icloud.com
Akceptacja,Siec,akceptacja.siec-0k@icloud.com
Targic,Kolacz,kolacz-targi0c@icloud.com
Bufor,Rowna,bufor_rowna_0n@icloud.com
Obstawaniei,Blok,blok.obstawanie0i@icloud.com
Pekan,Gaje,pekan_gaje.0u@icloud.com
Reakcyjny,Artysta,artysta.reakcyjny.0c@icloud.com
Supinacja,Zarcie,zarcie-supinacja.0d@icloud.com
Prowadzacy,Biernosc,prowadzacy-biernosc-0s@icloud.com
Lejtmotyw,Dzik,dzik-lejtmotyw.0x@icloud.com
Posluszny,Moczyc,moczyc.posluszny.06@icloud.com
Gryzacyk,Fretki,fretki-gryzacy0k@icloud.com
Kostka,Szklic,kostka_szklic_02@icloud.com
Cnoty,Areny,cnoty_areny_0t@icloud.com
Pieczenie,Kojot,pieczenie-kojot.0z@icloud.com
Aglutyniny,Obiady,aglutyniny-obiady.0i@icloud.com
Lakoniczny,Monomer,lakoniczny_09monomer@icloud.com
Poprawic,Narastac,poprawic.narastac-06@icloud.com
Prosty,Bodegi,prosty.bodegi-0j@icloud.com
Przypadekj,Graba,graba_przypadek0j@icloud.com
Adaminski,Holdy,holdy.adaminski-0m@icloud.com
Szaflik,Lubi,szaflik.lubi.0l@icloud.com
Gildia,Tamto,gildia-tamto.0t@icloud.com
Indianski,Samolot,samolot.indianski.0c@icloud.com
Zatrzymaj,Szyfr,szyfr-zatrzymaj.0m@icloud.com
Krysztalh,Dopchac,dopchac.krysztal0h@icloud.com
Cosinus,Erudyta,cosinus.erudyta-0y@icloud.com
Omdlewanie,Tajny,omdlewanie.tajny.0x@icloud.com
Rozrywa,Mentor,rozrywa.mentor.0n@icloud.com
Bukoliczny,Energiao,bukoliczny.energia0o@icloud.com
Riksza,Serce,riksza.serce-0q@icloud.com
Porzucone,Przodek,porzucone.przodek-0v@icloud.com
Podbicie,Jesc,jesc-podbicie-0u@icloud.com
Swawola,Jajko,jajko.swawola_00@icloud.com
Kanalarze,Maszyna,maszyna_kanalarze_0e@icloud.com
Abdukcyjny,Ameby,abdukcyjny-ameby.0x@icloud.com
Rozdawac,Talerz,talerz.rozdawac-0u@icloud.com
Rozstanie,Dodruk,rozstanie-dodruk-0o@icloud.com
Gryzonie,Bard,bard.gryzonie.0a@icloud.com
Watpiacy,Rozporki,watpiacy_rozporki.0a@icloud.com
Czub,Czyn,czub-czyn-0z@icloud.com
Trywialny,Opcje,trywialny_opcje.0c@icloud.com
Blizszy,Krasc,blizszy.krasc-0i@icloud.com
Folderug,Lew,lew-folderu0g@icloud.com
Malkontent,Psotny,05.psotny.malkontent@icloud.com
Estakada,Rurociag,estakada-rurociag.0a@icloud.com
Dzialkowy,Subsydium,dzialkowy.subsydium-0s@icloud.com
Tajemnica,Kwiatowy,tajemnica.01.kwiatowy@icloud.com
Opad,Cieply,opad00_cieply@icloud.com
Torfzylasty,None,torf09zylasty@icloud.com
Zachowania,Mapav,zachowania-mapa0v@icloud.com
Barion,Olow,barion-olow-0j@icloud.com
Nawzajem,Zaczep,nawzajem.zaczep_0t@icloud.com
Sejnerw,Oltarze,oltarze_sejner0w@icloud.com
Wiralny,Portier,wiralny_03_portier@icloud.com
Ogarnij,Minusy,ogarnij_minusy_0c@icloud.com
Legenda,Nektar,04.nektar.legenda@icloud.com
Morszczuki,Sierpy,morszczuki_sierpy.0c@icloud.com
Poslugiwac,Agawa,agawa_04_poslugiwac@icloud.com
Bukoliczny,Gruszka,gruszka-04bukoliczny@icloud.com
Kobialka,Takt,takt.kobialka.0i@icloud.com
Rogowym,Cytra,cytra-rogowy0m@icloud.com
Gangster,Odrzucac,gangster.odrzucac_0j@icloud.com
Lokcie,Sroka,lokcie.0-sroka@icloud.com
Taczki,Wers,wers.taczki.0g@icloud.com
Marmur,Plusz,plusz.marmur-0q@icloud.com
Agentowy,Klipy,klipy-agentowy-0i@icloud.com
Proso,Dzik,dzik_proso_0t@icloud.com
Osemkowy,Alegat,alegat.osemkowy-0x@icloud.com
Formularze,Klosze,formularze_klosze.0e@icloud.com
Wiezyczka,Planista,planista_wiezyczka_0a@icloud.com
Ryzykowny,Dotyka,dotyka.ryzykowny_0q@icloud.com
Zapomoga,Kuznia,zapomoga_kuznia_0u@icloud.com
Karczmarka,Sojki,sojki-karczmarka-0b@icloud.com
Parytet,Ligawy,07_parytet.ligawy@icloud.com
Herbatnik,Eony,eony-herbatnik.0s@icloud.com
Brzeczacy,Unik,03unik_brzeczacy@icloud.com
Folusznikc,Ciety,ciety-folusznik0c@icloud.com
Zaklecia,Ampulka,zaklecia.ampulka.0a@icloud.com
Perkusista,Adamecki,adamecki-perkusista-0p@icloud.com
Przyjmowac,Siewkae,przyjmowac.siewka0e@icloud.com
Gzyms,Syn,gzyms_07_syn@icloud.com
Amonizacja,Demo,demo.amonizacja_07@icloud.com
Soczewica,Ogien,soczewica_ogien.0e@icloud.com
Gradacjah,Wiekowosc,wiekowosc.gradacja0h@icloud.com
Pecherzyki,Wyciskac,wyciskac_pecherzyki.0h@icloud.com
Bliznieta,Mulisty,mulisty_bliznieta_0u@icloud.com
Adopcjax,Galganek,galganek.adopcja0x@icloud.com
Nierownoscp,Kogo,kogo_nierownosc0p@icloud.com
Antazolina,Gozdzik,08.antazolina_gozdzik@icloud.com
Agrogeolog,Czasownik,agrogeolog_czasownik_0y@icloud.com
Eolicznyr,Pylon,pylon_eoliczny0r@icloud.com
Mezoderma,Komin,mezoderma-komin-0g@icloud.com
Detka,Maszt,detka.maszt_0h@icloud.com
Podmiot,Systemy,podmiot.systemy.0o@icloud.com
Polksiezyc,Zamiast,polksiezyc-zamiast-02@icloud.com
Niepokoj,Pelikan,niepokoj.pelikan_0e@icloud.com
Rozmycie,Riffw,rozmycie-riff0w@icloud.com
Doroczny,Rodeod,doroczny-rodeo0d@icloud.com
Niektore,Nicki,niektore-nicki-0a@icloud.com
Slynny,Uchud,slynny.uchu0d@icloud.com
Wgniecenia,Sprint,sprint.wgniecenia-0a@icloud.com
Szalikz,Zyrafa,zyrafa-szalik0z@icloud.com
Wypelnic,Lwi,lwi.wypelnic_0u@icloud.com
Najwiekszan,Ostrza,ostrza.najwieksza0n@icloud.com
Przerobkiq,Zasilkowy,zasilkowy-przerobki0q@icloud.com
Plemiennie,Aloza,aloza-plemiennie-0l@icloud.com
Zwolnienie,Monety,00_zwolnienie_monety@icloud.com
Mieszkania,Roztrzasc,roztrzasc_mieszkania.0h@icloud.com
Okrajanie,Alef,03-okrajanie.alef@icloud.com
Akmeistkam,Umajac,umajac-akmeistka0m@icloud.com
Wolny,Gody,gody_wolny04@icloud.com
Policzek,Odwazny,07.odwazny.policzek@icloud.com
Strach,Dlugo,02_strach.dlugo@icloud.com
Gornictwo,Kopalnie,gornictwo.kopalnie-0z@icloud.com
Anomalia,Kler,anomalia0.kler@icloud.com
Technicy,Przede,przede_technicy_0y@icloud.com
Kantata,Kociak,kociak-kantata.0e@icloud.com
Naczynie,Bronav,naczynie-brona0v@icloud.com
Wzbudzac,Rybitwy,rybitwy-00wzbudzac@icloud.com
Barka,Cyna,cyna.barka.0j@icloud.com
Obligacjaeksurban,None,obligacja02eksurban@icloud.com
